"legacy_id","id","slug","category_id","category_code"
"UUI-0001","UUI-NAV-0001","arrow-up","navigation","NAV"
"UUI-0002","UUI-NAV-0002","arrow-down","navigation","NAV"
"UUI-0003","UUI-NAV-0003","arrow-left","navigation","NAV"
"UUI-0004","UUI-NAV-0004","arrow-right","navigation","NAV"
"UUI-0005","UUI-NAV-0005","arrow-up-left","navigation","NAV"
"UUI-0006","UUI-NAV-0006","arrow-up-right","navigation","NAV"
"UUI-0007","UUI-NAV-0007","arrow-down-left","navigation","NAV"
"UUI-0008","UUI-NAV-0008","arrow-down-right","navigation","NAV"
"UUI-0009","UUI-NAV-0009","chevron-up","navigation","NAV"
"UUI-0010","UUI-NAV-0010","chevron-down","navigation","NAV"
"UUI-0011","UUI-NAV-0011","chevron-left","navigation","NAV"
"UUI-0012","UUI-NAV-0012","chevron-right","navigation","NAV"
"UUI-0013","UUI-NAV-0013","chevrons-up","navigation","NAV"
"UUI-0014","UUI-NAV-0014","chevrons-down","navigation","NAV"
"UUI-0015","UUI-NAV-0015","chevrons-left","navigation","NAV"
"UUI-0016","UUI-NAV-0016","chevrons-right","navigation","NAV"
"UUI-0017","UUI-NAV-0017","move","navigation","NAV"
"UUI-0018","UUI-NAV-0018","move-horizontal","navigation","NAV"
"UUI-0019","UUI-NAV-0019","move-vertical","navigation","NAV"
"UUI-0020","UUI-NAV-0020","corner-up-left","navigation","NAV"
"UUI-0021","UUI-NAV-0021","corner-up-right","navigation","NAV"
"UUI-0022","UUI-NAV-0022","corner-down-left","navigation","NAV"
"UUI-0023","UUI-NAV-0023","corner-down-right","navigation","NAV"
"UUI-0024","UUI-NAV-0024","menu","navigation","NAV"
"UUI-0025","UUI-NAV-0025","navigation","navigation","NAV"
"UUI-0026","UUI-ACT-0001","plus","actions","ACT"
"UUI-0027","UUI-ACT-0002","minus","actions","ACT"
"UUI-0028","UUI-ACT-0003","x","actions","ACT"
"UUI-0029","UUI-ACT-0004","check","actions","ACT"
"UUI-0030","UUI-ACT-0005","copy","actions","ACT"
"UUI-0031","UUI-ACT-0006","clipboard-paste","actions","ACT"
"UUI-0032","UUI-ACT-0007","scissors","actions","ACT"
"UUI-0033","UUI-ACT-0008","trash-2","actions","ACT"
"UUI-0034","UUI-ACT-0009","save","actions","ACT"
"UUI-0035","UUI-ACT-0010","pencil","actions","ACT"
"UUI-0036","UUI-ACT-0011","eraser","actions","ACT"
"UUI-0037","UUI-ACT-0012","undo-2","actions","ACT"
"UUI-0038","UUI-ACT-0013","redo-2","actions","ACT"
"UUI-0039","UUI-ACT-0014","refresh-cw","actions","ACT"
"UUI-0040","UUI-ACT-0015","download","actions","ACT"
"UUI-0041","UUI-ACT-0016","upload","actions","ACT"
"UUI-0042","UUI-ACT-0017","share-2","actions","ACT"
"UUI-0043","UUI-ACT-0018","link-2","actions","ACT"
"UUI-0044","UUI-ACT-0019","unlink","actions","ACT"
"UUI-0045","UUI-ACT-0020","search","actions","ACT"
"UUI-0046","UUI-ACT-0021","funnel","actions","ACT"
"UUI-0047","UUI-ACT-0022","list-filter","actions","ACT"
"UUI-0048","UUI-ACT-0023","sliders-horizontal","actions","ACT"
"UUI-0049","UUI-ACT-0024","ellipsis","actions","ACT"
"UUI-0050","UUI-ACT-0025","grip-vertical","actions","ACT"
"UUI-0051","UUI-FIL-0001","file","files","FIL"
"UUI-0052","UUI-FIL-0002","file-text","files","FIL"
"UUI-0053","UUI-FIL-0003","file-plus","files","FIL"
"UUI-0054","UUI-FIL-0004","file-minus","files","FIL"
"UUI-0055","UUI-FIL-0005","file-check","files","FIL"
"UUI-0056","UUI-FIL-0006","file-x","files","FIL"
"UUI-0057","UUI-FIL-0007","files","files","FIL"
"UUI-0058","UUI-FIL-0008","folder","files","FIL"
"UUI-0059","UUI-FIL-0009","folder-open","files","FIL"
"UUI-0060","UUI-FIL-0010","folder-plus","files","FIL"
"UUI-0061","UUI-FIL-0011","folder-minus","files","FIL"
"UUI-0062","UUI-FIL-0012","folder-check","files","FIL"
"UUI-0063","UUI-FIL-0013","folder-x","files","FIL"
"UUI-0064","UUI-FIL-0014","archive","files","FIL"
"UUI-0065","UUI-FIL-0015","archive-restore","files","FIL"
"UUI-0066","UUI-FIL-0016","inbox","files","FIL"
"UUI-0067","UUI-FIL-0017","receipt-text","files","FIL"
"UUI-0068","UUI-FIL-0018","notebook","files","FIL"
"UUI-0069","UUI-FIL-0019","book-open","files","FIL"
"UUI-0070","UUI-FIL-0020","bookmark","files","FIL"
"UUI-0071","UUI-FIL-0021","paperclip","files","FIL"
"UUI-0072","UUI-FIL-0022","printer","files","FIL"
"UUI-0073","UUI-FIL-0023","scan-text","files","FIL"
"UUI-0074","UUI-FIL-0024","clipboard","files","FIL"
"UUI-0075","UUI-FIL-0025","clipboard-list","files","FIL"
"UUI-0076","UUI-TXT-0001","bold","text","TXT"
"UUI-0077","UUI-TXT-0002","italic","text","TXT"
"UUI-0078","UUI-TXT-0003","underline","text","TXT"
"UUI-0079","UUI-TXT-0004","strikethrough","text","TXT"
"UUI-0080","UUI-TXT-0005","type","text","TXT"
"UUI-0081","UUI-TXT-0006","case-upper","text","TXT"
"UUI-0082","UUI-TXT-0007","case-lower","text","TXT"
"UUI-0083","UUI-TXT-0008","a-large-small","text","TXT"
"UUI-0084","UUI-TXT-0009","heading-1","text","TXT"
"UUI-0085","UUI-TXT-0010","heading-2","text","TXT"
"UUI-0086","UUI-TXT-0011","list","text","TXT"
"UUI-0087","UUI-TXT-0012","list-ordered","text","TXT"
"UUI-0088","UUI-TXT-0013","list-checks","text","TXT"
"UUI-0089","UUI-TXT-0014","text-align-start","text","TXT"
"UUI-0090","UUI-TXT-0015","text-align-center","text","TXT"
"UUI-0091","UUI-TXT-0016","text-align-end","text","TXT"
"UUI-0092","UUI-TXT-0017","text-align-justify","text","TXT"
"UUI-0093","UUI-TXT-0018","list-indent-increase","text","TXT"
"UUI-0094","UUI-TXT-0019","list-indent-decrease","text","TXT"
"UUI-0095","UUI-TXT-0020","quote","text","TXT"
"UUI-0096","UUI-TXT-0021","code","text","TXT"
"UUI-0097","UUI-TXT-0022","pilcrow","text","TXT"
"UUI-0098","UUI-TXT-0023","superscript","text","TXT"
"UUI-0099","UUI-TXT-0024","subscript","text","TXT"
"UUI-0100","UUI-TXT-0025","spell-check","text","TXT"
"UUI-0101","UUI-LAY-0001","panel-left","layout","LAY"
"UUI-0102","UUI-LAY-0002","panel-right","layout","LAY"
"UUI-0103","UUI-LAY-0003","panel-top","layout","LAY"
"UUI-0104","UUI-LAY-0004","panel-bottom","layout","LAY"
"UUI-0105","UUI-LAY-0005","panel-left-open","layout","LAY"
"UUI-0106","UUI-LAY-0006","panel-left-close","layout","LAY"
"UUI-0107","UUI-LAY-0007","panel-right-open","layout","LAY"
"UUI-0108","UUI-LAY-0008","panel-right-close","layout","LAY"
"UUI-0109","UUI-LAY-0009","columns-2","layout","LAY"
"UUI-0110","UUI-LAY-0010","rows-2","layout","LAY"
"UUI-0111","UUI-LAY-0011","grid-2x2","layout","LAY"
"UUI-0112","UUI-LAY-0012","layout-grid","layout","LAY"
"UUI-0113","UUI-LAY-0013","table","layout","LAY"
"UUI-0114","UUI-LAY-0014","maximize-2","layout","LAY"
"UUI-0115","UUI-LAY-0015","minimize-2","layout","LAY"
"UUI-0116","UUI-LAY-0016","fullscreen","layout","LAY"
"UUI-0117","UUI-LAY-0017","app-window","layout","LAY"
"UUI-0118","UUI-LAY-0018","monitor","layout","LAY"
"UUI-0119","UUI-LAY-0019","smartphone","layout","LAY"
"UUI-0120","UUI-LAY-0020","tablet","layout","LAY"
"UUI-0121","UUI-LAY-0021","laptop","layout","LAY"
"UUI-0122","UUI-LAY-0022","panels-top-left","layout","LAY"
"UUI-0123","UUI-LAY-0023","split","layout","LAY"
"UUI-0124","UUI-LAY-0024","stretch-horizontal","layout","LAY"
"UUI-0125","UUI-LAY-0025","layers","layout","LAY"
"UUI-0126","UUI-MSG-0001","mail","communication","MSG"
"UUI-0127","UUI-MSG-0002","mail-open","communication","MSG"
"UUI-0128","UUI-MSG-0003","send","communication","MSG"
"UUI-0129","UUI-MSG-0004","reply","communication","MSG"
"UUI-0130","UUI-MSG-0005","reply-all","communication","MSG"
"UUI-0131","UUI-MSG-0006","forward","communication","MSG"
"UUI-0132","UUI-MSG-0007","message-circle","communication","MSG"
"UUI-0133","UUI-MSG-0008","message-square","communication","MSG"
"UUI-0134","UUI-MSG-0009","messages-square","communication","MSG"
"UUI-0135","UUI-MSG-0010","phone","communication","MSG"
"UUI-0136","UUI-MSG-0011","phone-call","communication","MSG"
"UUI-0137","UUI-MSG-0012","phone-incoming","communication","MSG"
"UUI-0138","UUI-MSG-0013","phone-outgoing","communication","MSG"
"UUI-0139","UUI-MSG-0014","video","communication","MSG"
"UUI-0140","UUI-MSG-0015","mic","communication","MSG"
"UUI-0141","UUI-MSG-0016","mic-off","communication","MSG"
"UUI-0142","UUI-MSG-0017","bell","communication","MSG"
"UUI-0143","UUI-MSG-0018","bell-off","communication","MSG"
"UUI-0144","UUI-MSG-0019","at-sign","communication","MSG"
"UUI-0145","UUI-MSG-0020","contact","communication","MSG"
"UUI-0146","UUI-MSG-0021","users","communication","MSG"
"UUI-0147","UUI-MSG-0022","user-plus","communication","MSG"
"UUI-0148","UUI-MSG-0023","user-minus","communication","MSG"
"UUI-0149","UUI-MSG-0024","radio","communication","MSG"
"UUI-0150","UUI-MSG-0025","megaphone","communication","MSG"
"UUI-0151","UUI-USR-0001","user","users","USR"
"UUI-0152","UUI-USR-0002","circle-user","users","USR"
"UUI-0153","UUI-USR-0003","users-round","users","USR"
"UUI-0154","UUI-USR-0004","user-round-cog","users","USR"
"UUI-0155","UUI-USR-0005","user-cog","users","USR"
"UUI-0156","UUI-USR-0006","user-pen","users","USR"
"UUI-0157","UUI-USR-0007","user-check","users","USR"
"UUI-0158","UUI-USR-0008","user-x","users","USR"
"UUI-0159","UUI-USR-0009","user-search","users","USR"
"UUI-0160","UUI-USR-0010","contact-round","users","USR"
"UUI-0161","UUI-USR-0011","id-card","users","USR"
"UUI-0162","UUI-USR-0012","badge-check","users","USR"
"UUI-0163","UUI-USR-0013","accessibility","users","USR"
"UUI-0164","UUI-USR-0014","scan-face","users","USR"
"UUI-0165","UUI-USR-0015","fingerprint-pattern","users","USR"
"UUI-0166","UUI-USR-0016","log-in","users","USR"
"UUI-0167","UUI-USR-0017","log-out","users","USR"
"UUI-0168","UUI-USR-0018","door-open","users","USR"
"UUI-0169","UUI-USR-0019","door-closed","users","USR"
"UUI-0170","UUI-USR-0020","key-round","users","USR"
"UUI-0171","UUI-USR-0021","user-round-key","users","USR"
"UUI-0172","UUI-USR-0022","key-square","users","USR"
"UUI-0173","UUI-USR-0023","square-user-round","users","USR"
"UUI-0174","UUI-USR-0024","badge-plus","users","USR"
"UUI-0175","UUI-USR-0025","badge-minus","users","USR"
"UUI-0176","UUI-SEC-0001","lock","security","SEC"
"UUI-0177","UUI-SEC-0002","lock-open","security","SEC"
"UUI-0178","UUI-SEC-0003","shield","security","SEC"
"UUI-0179","UUI-SEC-0004","shield-check","security","SEC"
"UUI-0180","UUI-SEC-0005","shield-alert","security","SEC"
"UUI-0181","UUI-SEC-0006","shield-x","security","SEC"
"UUI-0182","UUI-SEC-0007","shield-ban","security","SEC"
"UUI-0183","UUI-SEC-0008","shield-plus","security","SEC"
"UUI-0184","UUI-SEC-0009","shield-minus","security","SEC"
"UUI-0185","UUI-SEC-0010","shield-question-mark","security","SEC"
"UUI-0186","UUI-SEC-0011","eye","security","SEC"
"UUI-0187","UUI-SEC-0012","eye-off","security","SEC"
"UUI-0188","UUI-SEC-0013","scan-eye","security","SEC"
"UUI-0189","UUI-SEC-0014","scan-line","security","SEC"
"UUI-0190","UUI-SEC-0015","key","security","SEC"
"UUI-0191","UUI-SEC-0016","vault","security","SEC"
"UUI-0192","UUI-SEC-0017","siren","security","SEC"
"UUI-0193","UUI-SEC-0018","triangle-alert","security","SEC"
"UUI-0194","UUI-SEC-0019","circle-alert","security","SEC"
"UUI-0195","UUI-SEC-0020","octagon-alert","security","SEC"
"UUI-0196","UUI-SEC-0021","ban","security","SEC"
"UUI-0197","UUI-SEC-0022","circle-question-mark","security","SEC"
"UUI-0198","UUI-SEC-0023","info","security","SEC"
"UUI-0199","UUI-SEC-0024","bug-off","security","SEC"
"UUI-0200","UUI-SEC-0025","file-lock","security","SEC"
"UUI-0201","UUI-TIM-0001","calendar","time","TIM"
"UUI-0202","UUI-TIM-0002","calendar-days","time","TIM"
"UUI-0203","UUI-TIM-0003","calendar-check-2","time","TIM"
"UUI-0204","UUI-TIM-0004","calendar-plus-2","time","TIM"
"UUI-0205","UUI-TIM-0005","calendar-minus-2","time","TIM"
"UUI-0206","UUI-TIM-0006","calendar-x-2","time","TIM"
"UUI-0207","UUI-TIM-0007","calendar-clock","time","TIM"
"UUI-0208","UUI-TIM-0008","calendar-range","time","TIM"
"UUI-0209","UUI-TIM-0009","clock","time","TIM"
"UUI-0210","UUI-TIM-0010","alarm-clock","time","TIM"
"UUI-0211","UUI-TIM-0011","alarm-clock-check","time","TIM"
"UUI-0212","UUI-TIM-0012","alarm-clock-plus","time","TIM"
"UUI-0213","UUI-TIM-0013","alarm-clock-minus","time","TIM"
"UUI-0214","UUI-TIM-0014","timer","time","TIM"
"UUI-0215","UUI-TIM-0015","timer-reset","time","TIM"
"UUI-0216","UUI-TIM-0016","hourglass","time","TIM"
"UUI-0217","UUI-TIM-0017","history","time","TIM"
"UUI-0218","UUI-TIM-0018","repeat-2","time","TIM"
"UUI-0219","UUI-TIM-0019","refresh-ccw","time","TIM"
"UUI-0220","UUI-TIM-0020","rotate-ccw","time","TIM"
"UUI-0221","UUI-TIM-0021","rotate-cw","time","TIM"
"UUI-0222","UUI-TIM-0022","fast-forward","time","TIM"
"UUI-0223","UUI-TIM-0023","rewind","time","TIM"
"UUI-0224","UUI-TIM-0024","watch","time","TIM"
"UUI-0225","UUI-TIM-0025","bell-ring","time","TIM"
"UUI-0226","UUI-MED-0001","play","media","MED"
"UUI-0227","UUI-MED-0002","pause","media","MED"
"UUI-0228","UUI-MED-0003","circle-stop","media","MED"
"UUI-0229","UUI-MED-0004","skip-back","media","MED"
"UUI-0230","UUI-MED-0005","skip-forward","media","MED"
"UUI-0231","UUI-MED-0006","volume","media","MED"
"UUI-0232","UUI-MED-0007","volume-1","media","MED"
"UUI-0233","UUI-MED-0008","volume-2","media","MED"
"UUI-0234","UUI-MED-0009","volume-x","media","MED"
"UUI-0235","UUI-MED-0010","music","media","MED"
"UUI-0236","UUI-MED-0011","audio-lines","media","MED"
"UUI-0237","UUI-MED-0012","headphones","media","MED"
"UUI-0238","UUI-MED-0013","podcast","media","MED"
"UUI-0239","UUI-MED-0014","film","media","MED"
"UUI-0240","UUI-MED-0015","clapperboard","media","MED"
"UUI-0241","UUI-MED-0016","camera","media","MED"
"UUI-0242","UUI-MED-0017","image","media","MED"
"UUI-0243","UUI-MED-0018","images","media","MED"
"UUI-0244","UUI-MED-0019","aperture","media","MED"
"UUI-0245","UUI-MED-0020","picture-in-picture","media","MED"
"UUI-0246","UUI-MED-0021","captions","media","MED"
"UUI-0247","UUI-MED-0022","captions-off","media","MED"
"UUI-0248","UUI-MED-0023","gallery-horizontal","media","MED"
"UUI-0249","UUI-MED-0024","video-off","media","MED"
"UUI-0250","UUI-MED-0025","airplay","media","MED"
"UUI-0251","UUI-DAT-0001","chart-bar","data","DAT"
"UUI-0252","UUI-DAT-0002","chart-line","data","DAT"
"UUI-0253","UUI-DAT-0003","chart-pie","data","DAT"
"UUI-0254","UUI-DAT-0004","chart-area","data","DAT"
"UUI-0255","UUI-DAT-0005","chart-no-axes-column-increasing","data","DAT"
"UUI-0256","UUI-DAT-0006","trending-up","data","DAT"
"UUI-0257","UUI-DAT-0007","trending-down","data","DAT"
"UUI-0258","UUI-DAT-0008","activity","data","DAT"
"UUI-0259","UUI-DAT-0009","gauge","data","DAT"
"UUI-0260","UUI-DAT-0010","database","data","DAT"
"UUI-0261","UUI-DAT-0011","database-backup","data","DAT"
"UUI-0262","UUI-DAT-0012","server","data","DAT"
"UUI-0263","UUI-DAT-0013","server-cog","data","DAT"
"UUI-0264","UUI-DAT-0014","hard-drive","data","DAT"
"UUI-0265","UUI-DAT-0015","cloud-cog","data","DAT"
"UUI-0266","UUI-DAT-0016","cloud-upload","data","DAT"
"UUI-0267","UUI-DAT-0017","cloud-download","data","DAT"
"UUI-0268","UUI-DAT-0018","network","data","DAT"
"UUI-0269","UUI-DAT-0019","workflow","data","DAT"
"UUI-0270","UUI-DAT-0020","git-branch","data","DAT"
"UUI-0271","UUI-DAT-0021","git-commit-horizontal","data","DAT"
"UUI-0272","UUI-DAT-0022","git-merge","data","DAT"
"UUI-0273","UUI-DAT-0023","table-2","data","DAT"
"UUI-0274","UUI-DAT-0024","sheet","data","DAT"
"UUI-0275","UUI-DAT-0025","calculator","data","DAT"
"UUI-0276","UUI-DEV-0001","code-xml","development","DEV"
"UUI-0277","UUI-DEV-0002","terminal","development","DEV"
"UUI-0278","UUI-DEV-0003","braces","development","DEV"
"UUI-0279","UUI-DEV-0004","brackets","development","DEV"
"UUI-0280","UUI-DEV-0005","file-code","development","DEV"
"UUI-0281","UUI-DEV-0006","bug","development","DEV"
"UUI-0282","UUI-DEV-0007","binary","development","DEV"
"UUI-0283","UUI-DEV-0008","cpu","development","DEV"
"UUI-0284","UUI-DEV-0009","memory-stick","development","DEV"
"UUI-0285","UUI-DEV-0010","container","development","DEV"
"UUI-0286","UUI-DEV-0011","blocks","development","DEV"
"UUI-0287","UUI-DEV-0012","webhook","development","DEV"
"UUI-0288","UUI-DEV-0013","regex","development","DEV"
"UUI-0289","UUI-DEV-0014","variable","development","DEV"
"UUI-0290","UUI-DEV-0015","square-function","development","DEV"
"UUI-0291","UUI-DEV-0016","command","development","DEV"
"UUI-0292","UUI-DEV-0017","git-pull-request","development","DEV"
"UUI-0293","UUI-DEV-0018","git-compare","development","DEV"
"UUI-0294","UUI-DEV-0019","package-search","development","DEV"
"UUI-0295","UUI-DEV-0020","box","development","DEV"
"UUI-0296","UUI-DEV-0021","plug-zap","development","DEV"
"UUI-0297","UUI-DEV-0022","unplug","development","DEV"
"UUI-0298","UUI-DEV-0023","git-fork","development","DEV"
"UUI-0299","UUI-DEV-0024","bot","development","DEV"
"UUI-0300","UUI-DEV-0025","circuit-board","development","DEV"
"UUI-0301","UUI-ECM-0001","shopping-cart","commerce","ECM"
"UUI-0302","UUI-ECM-0002","shopping-bag","commerce","ECM"
"UUI-0303","UUI-ECM-0003","store","commerce","ECM"
"UUI-0304","UUI-ECM-0004","package","commerce","ECM"
"UUI-0305","UUI-ECM-0005","package-open","commerce","ECM"
"UUI-0306","UUI-ECM-0006","package-plus","commerce","ECM"
"UUI-0307","UUI-ECM-0007","package-minus","commerce","ECM"
"UUI-0308","UUI-ECM-0008","truck","commerce","ECM"
"UUI-0309","UUI-ECM-0009","wallet","commerce","ECM"
"UUI-0310","UUI-ECM-0010","credit-card","commerce","ECM"
"UUI-0311","UUI-ECM-0011","banknote","commerce","ECM"
"UUI-0312","UUI-ECM-0012","coins","commerce","ECM"
"UUI-0313","UUI-ECM-0013","dollar-sign","commerce","ECM"
"UUI-0314","UUI-ECM-0014","japanese-yen","commerce","ECM"
"UUI-0315","UUI-ECM-0015","euro","commerce","ECM"
"UUI-0316","UUI-ECM-0016","bitcoin","commerce","ECM"
"UUI-0317","UUI-ECM-0017","receipt","commerce","ECM"
"UUI-0318","UUI-ECM-0018","barcode","commerce","ECM"
"UUI-0319","UUI-ECM-0019","qr-code","commerce","ECM"
"UUI-0320","UUI-ECM-0020","tags","commerce","ECM"
"UUI-0321","UUI-ECM-0021","tag","commerce","ECM"
"UUI-0322","UUI-ECM-0022","badge-percent","commerce","ECM"
"UUI-0323","UUI-ECM-0023","circle-dollar-sign","commerce","ECM"
"UUI-0324","UUI-ECM-0024","landmark","commerce","ECM"
"UUI-0325","UUI-ECM-0025","piggy-bank","commerce","ECM"
"UUI-0326","UUI-STA-0001","circle-check","status","STA"
"UUI-0327","UUI-STA-0002","circle-x","status","STA"
"UUI-0328","UUI-STA-0003","circle-minus","status","STA"
"UUI-0329","UUI-STA-0004","circle-plus","status","STA"
"UUI-0330","UUI-STA-0005","badge-alert","status","STA"
"UUI-0331","UUI-STA-0006","badge-info","status","STA"
"UUI-0332","UUI-STA-0007","badge-question-mark","status","STA"
"UUI-0333","UUI-STA-0008","badge-x","status","STA"
"UUI-0334","UUI-STA-0009","loader-circle","status","STA"
"UUI-0335","UUI-STA-0010","circle-dashed","status","STA"
"UUI-0336","UUI-STA-0011","cloud-off","status","STA"
"UUI-0337","UUI-STA-0012","wifi-off","status","STA"
"UUI-0338","UUI-STA-0013","check-check","status","STA"
"UUI-0339","UUI-STA-0014","thumbs-up","status","STA"
"UUI-0340","UUI-STA-0015","thumbs-down","status","STA"
"UUI-0341","UUI-STA-0016","smile","status","STA"
"UUI-0342","UUI-STA-0017","frown","status","STA"
"UUI-0343","UUI-STA-0018","meh","status","STA"
"UUI-0344","UUI-STA-0019","party-popper","status","STA"
"UUI-0345","UUI-STA-0020","sparkles","status","STA"
"UUI-0346","UUI-STA-0021","circle-ellipsis","status","STA"
"UUI-0347","UUI-STA-0022","ellipsis-vertical","status","STA"
"UUI-0348","UUI-STA-0023","circle-pause","status","STA"
"UUI-0349","UUI-STA-0024","circle-play","status","STA"
"UUI-0350","UUI-STA-0025","circle-off","status","STA"
"UUI-0351","UUI-DVC-0001","keyboard","devices","DVC"
"UUI-0352","UUI-DVC-0002","mouse","devices","DVC"
"UUI-0353","UUI-DVC-0003","mouse-pointer-2","devices","DVC"
"UUI-0354","UUI-DVC-0004","printer-check","devices","DVC"
"UUI-0355","UUI-DVC-0005","router","devices","DVC"
"UUI-0356","UUI-DVC-0006","wifi","devices","DVC"
"UUI-0357","UUI-DVC-0007","bluetooth","devices","DVC"
"UUI-0358","UUI-DVC-0008","usb","devices","DVC"
"UUI-0359","UUI-DVC-0009","battery","devices","DVC"
"UUI-0360","UUI-DVC-0010","battery-charging","devices","DVC"
"UUI-0361","UUI-DVC-0011","battery-full","devices","DVC"
"UUI-0362","UUI-DVC-0012","battery-low","devices","DVC"
"UUI-0363","UUI-DVC-0013","plug","devices","DVC"
"UUI-0364","UUI-DVC-0014","cable","devices","DVC"
"UUI-0365","UUI-DVC-0015","webcam","devices","DVC"
"UUI-0366","UUI-DVC-0016","projector","devices","DVC"
"UUI-0367","UUI-DVC-0017","tv","devices","DVC"
"UUI-0368","UUI-DVC-0018","gamepad-2","devices","DVC"
"UUI-0369","UUI-DVC-0019","joystick","devices","DVC"
"UUI-0370","UUI-DVC-0020","speaker","devices","DVC"
"UUI-0371","UUI-DVC-0021","headset","devices","DVC"
"UUI-0372","UUI-DVC-0022","satellite-dish","devices","DVC"
"UUI-0373","UUI-DVC-0023","radio-tower","devices","DVC"
"UUI-0374","UUI-DVC-0024","nfc","devices","DVC"
"UUI-0375","UUI-DVC-0025","pc-case","devices","DVC"
"UUI-0376","UUI-TLS-0001","settings","tools","TLS"
"UUI-0377","UUI-TLS-0002","wrench","tools","TLS"
"UUI-0378","UUI-TLS-0003","hammer","tools","TLS"
"UUI-0379","UUI-TLS-0004","bolt","tools","TLS"
"UUI-0380","UUI-TLS-0005","drill","tools","TLS"
"UUI-0381","UUI-TLS-0006","paintbrush","tools","TLS"
"UUI-0382","UUI-TLS-0007","palette","tools","TLS"
"UUI-0383","UUI-TLS-0008","pipette","tools","TLS"
"UUI-0384","UUI-TLS-0009","ruler","tools","TLS"
"UUI-0385","UUI-TLS-0010","compass","tools","TLS"
"UUI-0386","UUI-TLS-0011","crosshair","tools","TLS"
"UUI-0387","UUI-TLS-0012","target","tools","TLS"
"UUI-0388","UUI-TLS-0013","sliders-vertical","tools","TLS"
"UUI-0389","UUI-TLS-0014","toggle-left","tools","TLS"
"UUI-0390","UUI-TLS-0015","toggle-right","tools","TLS"
"UUI-0391","UUI-TLS-0016","power","tools","TLS"
"UUI-0392","UUI-TLS-0017","cog","tools","TLS"
"UUI-0393","UUI-TLS-0018","zap","tools","TLS"
"UUI-0394","UUI-TLS-0019","magnet","tools","TLS"
"UUI-0395","UUI-TLS-0020","flashlight","tools","TLS"
"UUI-0396","UUI-TLS-0021","lightbulb","tools","TLS"
"UUI-0397","UUI-TLS-0022","construction","tools","TLS"
"UUI-0398","UUI-TLS-0023","utility-pole","tools","TLS"
"UUI-0399","UUI-TLS-0024","pocket-knife","tools","TLS"
"UUI-0400","UUI-TLS-0025","shovel","tools","TLS"
"UUI-0401","UUI-MAP-0001","map","travel","MAP"
"UUI-0402","UUI-MAP-0002","map-pin","travel","MAP"
"UUI-0403","UUI-MAP-0003","map-pinned","travel","MAP"
"UUI-0404","UUI-MAP-0004","navigation-2","travel","MAP"
"UUI-0405","UUI-MAP-0005","globe","travel","MAP"
"UUI-0406","UUI-MAP-0006","earth","travel","MAP"
"UUI-0407","UUI-MAP-0007","route","travel","MAP"
"UUI-0408","UUI-MAP-0008","signpost","travel","MAP"
"UUI-0409","UUI-MAP-0009","locate-fixed","travel","MAP"
"UUI-0410","UUI-MAP-0010","locate","travel","MAP"
"UUI-0411","UUI-MAP-0011","car","travel","MAP"
"UUI-0412","UUI-MAP-0012","bus","travel","MAP"
"UUI-0413","UUI-MAP-0013","train-front","travel","MAP"
"UUI-0414","UUI-MAP-0014","plane","travel","MAP"
"UUI-0415","UUI-MAP-0015","ship","travel","MAP"
"UUI-0416","UUI-MAP-0016","bike","travel","MAP"
"UUI-0417","UUI-MAP-0017","footprints","travel","MAP"
"UUI-0418","UUI-MAP-0018","fuel","travel","MAP"
"UUI-0419","UUI-MAP-0019","circle-parking","travel","MAP"
"UUI-0420","UUI-MAP-0020","hotel","travel","MAP"
"UUI-0421","UUI-MAP-0021","luggage","travel","MAP"
"UUI-0422","UUI-MAP-0022","tent-tree","travel","MAP"
"UUI-0423","UUI-MAP-0023","mountain","travel","MAP"
"UUI-0424","UUI-MAP-0024","flag","travel","MAP"
"UUI-0425","UUI-MAP-0025","anchor","travel","MAP"
"UUI-0426","UUI-FAC-0001","house","facilities","FAC"
"UUI-0427","UUI-FAC-0002","building","facilities","FAC"
"UUI-0428","UUI-FAC-0003","building-2","facilities","FAC"
"UUI-0429","UUI-FAC-0004","factory","facilities","FAC"
"UUI-0430","UUI-FAC-0005","warehouse","facilities","FAC"
"UUI-0431","UUI-FAC-0006","hospital","facilities","FAC"
"UUI-0432","UUI-FAC-0007","school","facilities","FAC"
"UUI-0433","UUI-FAC-0008","university","facilities","FAC"
"UUI-0434","UUI-FAC-0009","church","facilities","FAC"
"UUI-0435","UUI-FAC-0010","castle","facilities","FAC"
"UUI-0436","UUI-FAC-0011","bed","facilities","FAC"
"UUI-0437","UUI-FAC-0012","sofa","facilities","FAC"
"UUI-0438","UUI-FAC-0013","armchair","facilities","FAC"
"UUI-0439","UUI-FAC-0014","bath","facilities","FAC"
"UUI-0440","UUI-FAC-0015","shower-head","facilities","FAC"
"UUI-0441","UUI-FAC-0016","toilet","facilities","FAC"
"UUI-0442","UUI-FAC-0017","lamp","facilities","FAC"
"UUI-0443","UUI-FAC-0018","cooking-pot","facilities","FAC"
"UUI-0444","UUI-FAC-0019","utensils","facilities","FAC"
"UUI-0445","UUI-FAC-0020","refrigerator","facilities","FAC"
"UUI-0446","UUI-FAC-0021","washing-machine","facilities","FAC"
"UUI-0447","UUI-FAC-0022","microwave","facilities","FAC"
"UUI-0448","UUI-FAC-0023","heater","facilities","FAC"
"UUI-0449","UUI-FAC-0024","air-vent","facilities","FAC"
"UUI-0450","UUI-FAC-0025","fence","facilities","FAC"
"UUI-0451","UUI-HLT-0001","heart","health","HLT"
"UUI-0452","UUI-HLT-0002","heart-pulse","health","HLT"
"UUI-0453","UUI-HLT-0003","stethoscope","health","HLT"
"UUI-0454","UUI-HLT-0004","pill","health","HLT"
"UUI-0455","UUI-HLT-0005","syringe","health","HLT"
"UUI-0456","UUI-HLT-0006","cross","health","HLT"
"UUI-0457","UUI-HLT-0007","ambulance","health","HLT"
"UUI-0458","UUI-HLT-0008","thermometer","health","HLT"
"UUI-0459","UUI-HLT-0009","brain","health","HLT"
"UUI-0460","UUI-HLT-0010","bone","health","HLT"
"UUI-0461","UUI-HLT-0011","ear","health","HLT"
"UUI-0462","UUI-HLT-0012","dna","health","HLT"
"UUI-0463","UUI-HLT-0013","microscope","health","HLT"
"UUI-0464","UUI-HLT-0014","test-tube","health","HLT"
"UUI-0465","UUI-HLT-0015","flask-conical","health","HLT"
"UUI-0466","UUI-HLT-0016","bandage","health","HLT"
"UUI-0467","UUI-HLT-0017","briefcase-medical","health","HLT"
"UUI-0468","UUI-HLT-0018","radiation","health","HLT"
"UUI-0469","UUI-HLT-0019","biohazard","health","HLT"
"UUI-0470","UUI-HLT-0020","hand-heart","health","HLT"
"UUI-0471","UUI-HLT-0021","heart-handshake","health","HLT"
"UUI-0472","UUI-HLT-0022","biceps-flexed","health","HLT"
"UUI-0473","UUI-HLT-0023","person-standing","health","HLT"
"UUI-0474","UUI-HLT-0024","baby","health","HLT"
"UUI-0475","UUI-HLT-0025","scan-heart","health","HLT"
"UUI-0476","UUI-WTH-0001","sun","weather","WTH"
"UUI-0477","UUI-WTH-0002","moon","weather","WTH"
"UUI-0478","UUI-WTH-0003","cloud-sun","weather","WTH"
"UUI-0479","UUI-WTH-0004","cloud","weather","WTH"
"UUI-0480","UUI-WTH-0005","cloud-rain","weather","WTH"
"UUI-0481","UUI-WTH-0006","cloud-snow","weather","WTH"
"UUI-0482","UUI-WTH-0007","cloud-lightning","weather","WTH"
"UUI-0483","UUI-WTH-0008","wind","weather","WTH"
"UUI-0484","UUI-WTH-0009","umbrella","weather","WTH"
"UUI-0485","UUI-WTH-0010","snowflake","weather","WTH"
"UUI-0486","UUI-WTH-0011","droplets","weather","WTH"
"UUI-0487","UUI-WTH-0012","waves","weather","WTH"
"UUI-0488","UUI-WTH-0013","flame","weather","WTH"
"UUI-0489","UUI-WTH-0014","leaf","weather","WTH"
"UUI-0490","UUI-WTH-0015","sprout","weather","WTH"
"UUI-0491","UUI-WTH-0016","tree-pine","weather","WTH"
"UUI-0492","UUI-WTH-0017","flower-2","weather","WTH"
"UUI-0493","UUI-WTH-0018","rainbow","weather","WTH"
"UUI-0494","UUI-WTH-0019","tornado","weather","WTH"
"UUI-0495","UUI-WTH-0020","cloud-fog","weather","WTH"
"UUI-0496","UUI-WTH-0021","thermometer-sun","weather","WTH"
"UUI-0497","UUI-WTH-0022","thermometer-snowflake","weather","WTH"
"UUI-0498","UUI-WTH-0023","cloud-sun-rain","weather","WTH"
"UUI-0499","UUI-WTH-0024","cloud-moon","weather","WTH"
"UUI-0500","UUI-WTH-0025","sunrise","weather","WTH"
"UUI-0501","UUI-NAM-0001","snake-case","naming-conventions","NAM"
"UUI-0502","UUI-NAM-0002","upper-camel-case","naming-conventions","NAM"
"UUI-0503","UUI-NAM-0003","lower-camel-case","naming-conventions","NAM"
"UUI-0504","UUI-CDE-0001","file-braces","code-editing","CDE"
"UUI-0505","UUI-CDE-0002","file-braces-corner","code-editing","CDE"
"UUI-0506","UUI-CDE-0003","file-terminal","code-editing","CDE"
"UUI-0507","UUI-CDE-0004","square-terminal","code-editing","CDE"
"UUI-0508","UUI-CDE-0005","square-code","code-editing","CDE"
"UUI-0509","UUI-CDE-0006","square-dashed-bottom-code","code-editing","CDE"
"UUI-0510","UUI-CDE-0007","folder-code","code-editing","CDE"
"UUI-0511","UUI-CDE-0008","parentheses","code-editing","CDE"
"UUI-0512","UUI-CDE-0009","case-sensitive","code-editing","CDE"
"UUI-0513","UUI-CDE-0010","text-cursor","code-editing","CDE"
"UUI-0514","UUI-CDE-0011","text-cursor-input","code-editing","CDE"
"UUI-0515","UUI-CDE-0012","text-initial","code-editing","CDE"
"UUI-0516","UUI-CDE-0013","text-search","code-editing","CDE"
"UUI-0517","UUI-CDE-0014","text-wrap","code-editing","CDE"
"UUI-0518","UUI-CDE-0015","replace","code-editing","CDE"
"UUI-0519","UUI-CDE-0016","replace-all","code-editing","CDE"
"UUI-0520","UUI-CDE-0017","scan-search","code-editing","CDE"
"UUI-0521","UUI-CDE-0018","search-code","code-editing","CDE"
"UUI-0522","UUI-CDE-0019","spell-check-2","code-editing","CDE"
"UUI-0523","UUI-CDE-0020","list-tree","code-editing","CDE"
"UUI-0524","UUI-CDE-0021","list-start","code-editing","CDE"
"UUI-0525","UUI-CDE-0022","list-end","code-editing","CDE"
"UUI-0526","UUI-CDE-0023","list-restart","code-editing","CDE"
"UUI-0527","UUI-CDE-0024","list-x","code-editing","CDE"
"UUI-0528","UUI-CDE-0025","file-type","code-editing","CDE"
"UUI-0529","UUI-SCM-0001","git-branch-plus","source-control","SCM"
"UUI-0530","UUI-SCM-0002","git-branch-minus","source-control","SCM"
"UUI-0531","UUI-SCM-0003","git-commit-vertical","source-control","SCM"
"UUI-0532","UUI-SCM-0004","git-compare-arrows","source-control","SCM"
"UUI-0533","UUI-SCM-0005","git-graph","source-control","SCM"
"UUI-0534","UUI-SCM-0006","git-merge-conflict","source-control","SCM"
"UUI-0535","UUI-SCM-0007","git-pull-request-arrow","source-control","SCM"
"UUI-0536","UUI-SCM-0008","git-pull-request-closed","source-control","SCM"
"UUI-0537","UUI-SCM-0009","git-pull-request-create-arrow","source-control","SCM"
"UUI-0538","UUI-SCM-0010","git-pull-request-create","source-control","SCM"
"UUI-0539","UUI-SCM-0011","git-pull-request-draft","source-control","SCM"
"UUI-0540","UUI-SCM-0012","folder-git","source-control","SCM"
"UUI-0541","UUI-SCM-0013","folder-git-2","source-control","SCM"
"UUI-0542","UUI-SCM-0014","file-diff","source-control","SCM"
"UUI-0543","UUI-SCM-0015","diff","source-control","SCM"
"UUI-0544","UUI-SCM-0016","merge","source-control","SCM"
"UUI-0545","UUI-SCM-0017","message-square-diff","source-control","SCM"
"UUI-0546","UUI-SCM-0018","archive-x","source-control","SCM"
"UUI-0547","UUI-SCM-0019","milestone","source-control","SCM"
"UUI-0548","UUI-SCM-0020","folder-sync","source-control","SCM"
"UUI-0549","UUI-SCM-0021","file-symlink","source-control","SCM"
"UUI-0550","UUI-SCM-0022","folder-symlink","source-control","SCM"
"UUI-0551","UUI-SCM-0023","combine","source-control","SCM"
"UUI-0552","UUI-SCM-0024","waypoints","source-control","SCM"
"UUI-0553","UUI-SCM-0025","circle-dot","source-control","SCM"
"UUI-0554","UUI-API-0001","webhook-off","api-integration","API"
"UUI-0555","UUI-API-0002","message-circle-code","api-integration","API"
"UUI-0556","UUI-API-0003","message-square-code","api-integration","API"
"UUI-0557","UUI-API-0004","message-square-share","api-integration","API"
"UUI-0558","UUI-API-0005","external-link","api-integration","API"
"UUI-0559","UUI-API-0006","link","api-integration","API"
"UUI-0560","UUI-API-0007","link-2-off","api-integration","API"
"UUI-0561","UUI-API-0008","unlink-2","api-integration","API"
"UUI-0562","UUI-API-0009","plug-2","api-integration","API"
"UUI-0563","UUI-API-0010","ethernet-port","api-integration","API"
"UUI-0564","UUI-API-0011","antenna","api-integration","API"
"UUI-0565","UUI-API-0012","radio-receiver","api-integration","API"
"UUI-0566","UUI-API-0013","rss","api-integration","API"
"UUI-0567","UUI-API-0014","satellite","api-integration","API"
"UUI-0568","UUI-API-0015","send-horizontal","api-integration","API"
"UUI-0569","UUI-API-0016","share","api-integration","API"
"UUI-0570","UUI-API-0017","screen-share","api-integration","API"
"UUI-0571","UUI-API-0018","screen-share-off","api-integration","API"
"UUI-0572","UUI-API-0019","shuffle","api-integration","API"
"UUI-0573","UUI-API-0020","repeat","api-integration","API"
"UUI-0574","UUI-API-0021","repeat-1","api-integration","API"
"UUI-0575","UUI-API-0022","route-off","api-integration","API"
"UUI-0576","UUI-API-0023","arrow-left-right","api-integration","API"
"UUI-0577","UUI-API-0024","arrow-down-up","api-integration","API"
"UUI-0578","UUI-API-0025","radio-off","api-integration","API"
"UUI-0579","UUI-DBA-0001","database-search","database-analytics","DBA"
"UUI-0580","UUI-DBA-0002","database-zap","database-analytics","DBA"
"UUI-0581","UUI-DBA-0003","file-spreadsheet","database-analytics","DBA"
"UUI-0582","UUI-DBA-0004","table-properties","database-analytics","DBA"
"UUI-0583","UUI-DBA-0005","table-of-contents","database-analytics","DBA"
"UUI-0584","UUI-DBA-0006","table-cells-merge","database-analytics","DBA"
"UUI-0585","UUI-DBA-0007","table-cells-split","database-analytics","DBA"
"UUI-0586","UUI-DBA-0008","table-columns-split","database-analytics","DBA"
"UUI-0587","UUI-DBA-0009","table-rows-split","database-analytics","DBA"
"UUI-0588","UUI-DBA-0010","columns-3","database-analytics","DBA"
"UUI-0589","UUI-DBA-0011","columns-4","database-analytics","DBA"
"UUI-0590","UUI-DBA-0012","rows-3","database-analytics","DBA"
"UUI-0591","UUI-DBA-0013","rows-4","database-analytics","DBA"
"UUI-0592","UUI-DBA-0014","grid-3x3","database-analytics","DBA"
"UUI-0593","UUI-DBA-0015","grid-3x2","database-analytics","DBA"
"UUI-0594","UUI-DBA-0016","chart-scatter","database-analytics","DBA"
"UUI-0595","UUI-DBA-0017","chart-spline","database-analytics","DBA"
"UUI-0596","UUI-DBA-0018","chart-candlestick","database-analytics","DBA"
"UUI-0597","UUI-DBA-0019","chart-column","database-analytics","DBA"
"UUI-0598","UUI-DBA-0020","chart-column-increasing","database-analytics","DBA"
"UUI-0599","UUI-DBA-0021","chart-column-decreasing","database-analytics","DBA"
"UUI-0600","UUI-DBA-0022","chart-column-stacked","database-analytics","DBA"
"UUI-0601","UUI-DBA-0023","chart-bar-big","database-analytics","DBA"
"UUI-0602","UUI-DBA-0024","chart-bar-stacked","database-analytics","DBA"
"UUI-0603","UUI-DBA-0025","sigma","database-analytics","DBA"
"UUI-0604","UUI-CLD-0001","cloud-backup","cloud-infrastructure","CLD"
"UUI-0605","UUI-CLD-0002","cloud-sync","cloud-infrastructure","CLD"
"UUI-0606","UUI-CLD-0003","cloud-check","cloud-infrastructure","CLD"
"UUI-0607","UUI-CLD-0004","cloud-alert","cloud-infrastructure","CLD"
"UUI-0608","UUI-CLD-0005","monitor-cloud","cloud-infrastructure","CLD"
"UUI-0609","UUI-CLD-0006","hard-drive-download","cloud-infrastructure","CLD"
"UUI-0610","UUI-CLD-0007","hard-drive-upload","cloud-infrastructure","CLD"
"UUI-0611","UUI-CLD-0008","server-crash","cloud-infrastructure","CLD"
"UUI-0612","UUI-CLD-0009","server-off","cloud-infrastructure","CLD"
"UUI-0613","UUI-CLD-0010","monitor-cog","cloud-infrastructure","CLD"
"UUI-0614","UUI-CLD-0011","monitor-dot","cloud-infrastructure","CLD"
"UUI-0615","UUI-CLD-0012","monitor-down","cloud-infrastructure","CLD"
"UUI-0616","UUI-CLD-0013","monitor-off","cloud-infrastructure","CLD"
"UUI-0617","UUI-CLD-0014","monitor-pause","cloud-infrastructure","CLD"
"UUI-0618","UUI-CLD-0015","monitor-play","cloud-infrastructure","CLD"
"UUI-0619","UUI-CLD-0016","monitor-up","cloud-infrastructure","CLD"
"UUI-0620","UUI-CLD-0017","monitor-x","cloud-infrastructure","CLD"
"UUI-0621","UUI-CLD-0018","monitor-speaker","cloud-infrastructure","CLD"
"UUI-0622","UUI-CLD-0019","computer","cloud-infrastructure","CLD"
"UUI-0623","UUI-CLD-0020","gpu","cloud-infrastructure","CLD"
"UUI-0624","UUI-CLD-0021","microchip","cloud-infrastructure","CLD"
"UUI-0625","UUI-CLD-0022","component","cloud-infrastructure","CLD"
"UUI-0626","UUI-CLD-0023","boxes","cloud-infrastructure","CLD"
"UUI-0627","UUI-CLD-0024","power-off","cloud-infrastructure","CLD"
"UUI-0628","UUI-CLD-0025","house-plug","cloud-infrastructure","CLD"
"UUI-0629","UUI-TST-0001","bug-play","testing-quality","TST"
"UUI-0630","UUI-TST-0002","beaker","testing-quality","TST"
"UUI-0631","UUI-TST-0003","flask-conical-off","testing-quality","TST"
"UUI-0632","UUI-TST-0004","flask-round","testing-quality","TST"
"UUI-0633","UUI-TST-0005","test-tube-diagonal","testing-quality","TST"
"UUI-0634","UUI-TST-0006","test-tubes","testing-quality","TST"
"UUI-0635","UUI-TST-0007","radar","testing-quality","TST"
"UUI-0636","UUI-TST-0008","telescope","testing-quality","TST"
"UUI-0637","UUI-TST-0009","search-check","testing-quality","TST"
"UUI-0638","UUI-TST-0010","search-x","testing-quality","TST"
"UUI-0639","UUI-TST-0011","search-alert","testing-quality","TST"
"UUI-0640","UUI-TST-0012","search-slash","testing-quality","TST"
"UUI-0641","UUI-TST-0013","file-scan","testing-quality","TST"
"UUI-0642","UUI-TST-0014","file-search","testing-quality","TST"
"UUI-0643","UUI-TST-0015","file-search-corner","testing-quality","TST"
"UUI-0644","UUI-TST-0016","file-check-corner","testing-quality","TST"
"UUI-0645","UUI-TST-0017","file-x-corner","testing-quality","TST"
"UUI-0646","UUI-TST-0018","file-exclamation-point","testing-quality","TST"
"UUI-0647","UUI-TST-0019","clipboard-check","testing-quality","TST"
"UUI-0648","UUI-TST-0020","clipboard-x","testing-quality","TST"
"UUI-0649","UUI-TST-0021","copy-check","testing-quality","TST"
"UUI-0650","UUI-TST-0022","copy-x","testing-quality","TST"
"UUI-0651","UUI-TST-0023","grid-2x2-check","testing-quality","TST"
"UUI-0652","UUI-TST-0024","square-check-big","testing-quality","TST"
"UUI-0653","UUI-TST-0025","octagon-x","testing-quality","TST"
"UUI-0654","UUI-DVS-0001","shield-cog","dev-security","DVS"
"UUI-0655","UUI-DVS-0002","shield-cog-corner","dev-security","DVS"
"UUI-0656","UUI-DVS-0003","shield-ellipsis","dev-security","DVS"
"UUI-0657","UUI-DVS-0004","shield-half","dev-security","DVS"
"UUI-0658","UUI-DVS-0005","shield-off","dev-security","DVS"
"UUI-0659","UUI-DVS-0006","shield-user","dev-security","DVS"
"UUI-0660","UUI-DVS-0007","brick-wall","dev-security","DVS"
"UUI-0661","UUI-DVS-0008","brick-wall-fire","dev-security","DVS"
"UUI-0662","UUI-DVS-0009","brick-wall-shield","dev-security","DVS"
"UUI-0663","UUI-DVS-0010","door-closed-locked","dev-security","DVS"
"UUI-0664","UUI-DVS-0011","earth-lock","dev-security","DVS"
"UUI-0665","UUI-DVS-0012","globe-lock","dev-security","DVS"
"UUI-0666","UUI-DVS-0013","file-key","dev-security","DVS"
"UUI-0667","UUI-DVS-0014","folder-key","dev-security","DVS"
"UUI-0668","UUI-DVS-0015","folder-lock","dev-security","DVS"
"UUI-0669","UUI-DVS-0016","message-square-lock","dev-security","DVS"
"UUI-0670","UUI-DVS-0017","rotate-ccw-key","dev-security","DVS"
"UUI-0671","UUI-DVS-0018","user-key","dev-security","DVS"
"UUI-0672","UUI-DVS-0019","user-lock","dev-security","DVS"
"UUI-0673","UUI-DVS-0020","lock-keyhole","dev-security","DVS"
"UUI-0674","UUI-DVS-0021","lock-keyhole-open","dev-security","DVS"
"UUI-0675","UUI-DVS-0022","signature","dev-security","DVS"
"UUI-0676","UUI-DVS-0023","keyboard-off","dev-security","DVS"
"UUI-0677","UUI-DVS-0024","file-badge","dev-security","DVS"
"UUI-0678","UUI-DVS-0025","badge","dev-security","DVS"
"UUI-0679","UUI-PRJ-0001","kanban","project-management","PRJ"
"UUI-0680","UUI-PRJ-0002","square-kanban","project-management","PRJ"
"UUI-0681","UUI-PRJ-0003","square-dashed-kanban","project-management","PRJ"
"UUI-0682","UUI-PRJ-0004","chart-gantt","project-management","PRJ"
"UUI-0683","UUI-PRJ-0005","chart-no-axes-gantt","project-management","PRJ"
"UUI-0684","UUI-PRJ-0006","square-chart-gantt","project-management","PRJ"
"UUI-0685","UUI-PRJ-0007","goal","project-management","PRJ"
"UUI-0686","UUI-PRJ-0008","folder-kanban","project-management","PRJ"
"UUI-0687","UUI-PRJ-0009","list-todo","project-management","PRJ"
"UUI-0688","UUI-PRJ-0010","list-check","project-management","PRJ"
"UUI-0689","UUI-PRJ-0011","clipboard-clock","project-management","PRJ"
"UUI-0690","UUI-PRJ-0012","clipboard-plus","project-management","PRJ"
"UUI-0691","UUI-PRJ-0013","clipboard-minus","project-management","PRJ"
"UUI-0692","UUI-PRJ-0014","clipboard-pen","project-management","PRJ"
"UUI-0693","UUI-PRJ-0015","clipboard-pen-line","project-management","PRJ"
"UUI-0694","UUI-PRJ-0016","calendar-cog","project-management","PRJ"
"UUI-0695","UUI-PRJ-0017","calendar-search","project-management","PRJ"
"UUI-0696","UUI-PRJ-0018","calendar-sync","project-management","PRJ"
"UUI-0697","UUI-PRJ-0019","calendar-arrow-down","project-management","PRJ"
"UUI-0698","UUI-PRJ-0020","calendar-arrow-up","project-management","PRJ"
"UUI-0699","UUI-PRJ-0021","flag-triangle-left","project-management","PRJ"
"UUI-0700","UUI-PRJ-0022","flag-triangle-right","project-management","PRJ"
"UUI-0701","UUI-PRJ-0023","trophy","project-management","PRJ"
"UUI-0702","UUI-PRJ-0024","award","project-management","PRJ"
"UUI-0703","UUI-PRJ-0025","timer-off","project-management","PRJ"
"UUI-0704","UUI-WFL-0001","list-chevrons-down-up","business-workflow","WFL"
"UUI-0705","UUI-WFL-0002","list-chevrons-up-down","business-workflow","WFL"
"UUI-0706","UUI-WFL-0003","list-collapse","business-workflow","WFL"
"UUI-0707","UUI-WFL-0004","list-plus","business-workflow","WFL"
"UUI-0708","UUI-WFL-0005","list-minus","business-workflow","WFL"
"UUI-0709","UUI-WFL-0006","list-filter-plus","business-workflow","WFL"
"UUI-0710","UUI-WFL-0007","square-split-horizontal","business-workflow","WFL"
"UUI-0711","UUI-WFL-0008","square-split-vertical","business-workflow","WFL"
"UUI-0712","UUI-WFL-0009","bring-to-front","business-workflow","WFL"
"UUI-0713","UUI-WFL-0010","send-to-back","business-workflow","WFL"
"UUI-0714","UUI-WFL-0011","group","business-workflow","WFL"
"UUI-0715","UUI-WFL-0012","ungroup","business-workflow","WFL"
"UUI-0716","UUI-WFL-0013","iteration-ccw","business-workflow","WFL"
"UUI-0717","UUI-WFL-0014","iteration-cw","business-workflow","WFL"
"UUI-0718","UUI-WFL-0015","layers-2","business-workflow","WFL"
"UUI-0719","UUI-WFL-0016","layers-plus","business-workflow","WFL"
"UUI-0720","UUI-WFL-0017","copy-plus","business-workflow","WFL"
"UUI-0721","UUI-WFL-0018","copy-minus","business-workflow","WFL"
"UUI-0722","UUI-WFL-0019","copy-slash","business-workflow","WFL"
"UUI-0723","UUI-WFL-0020","redo-dot","business-workflow","WFL"
"UUI-0724","UUI-WFL-0021","undo-dot","business-workflow","WFL"
"UUI-0725","UUI-WFL-0022","refresh-ccw-dot","business-workflow","WFL"
"UUI-0726","UUI-WFL-0023","refresh-cw-off","business-workflow","WFL"
"UUI-0727","UUI-WFL-0024","step-back","business-workflow","WFL"
"UUI-0728","UUI-WFL-0025","step-forward","business-workflow","WFL"
"UUI-0729","UUI-DOC-0001","file-archive","office-documents","DOC"
"UUI-0730","UUI-DOC-0002","file-box","office-documents","DOC"
"UUI-0731","UUI-DOC-0003","file-clock","office-documents","DOC"
"UUI-0732","UUI-DOC-0004","file-cog","office-documents","DOC"
"UUI-0733","UUI-DOC-0005","file-headphone","office-documents","DOC"
"UUI-0734","UUI-DOC-0006","file-image","office-documents","DOC"
"UUI-0735","UUI-DOC-0007","file-music","office-documents","DOC"
"UUI-0736","UUI-DOC-0008","file-pen","office-documents","DOC"
"UUI-0737","UUI-DOC-0009","file-pen-line","office-documents","DOC"
"UUI-0738","UUI-DOC-0010","file-play","office-documents","DOC"
"UUI-0739","UUI-DOC-0011","file-question-mark","office-documents","DOC"
"UUI-0740","UUI-DOC-0012","file-signal","office-documents","DOC"
"UUI-0741","UUI-DOC-0013","file-sliders","office-documents","DOC"
"UUI-0742","UUI-DOC-0014","file-stack","office-documents","DOC"
"UUI-0743","UUI-DOC-0015","file-user","office-documents","DOC"
"UUI-0744","UUI-DOC-0016","file-video-camera","office-documents","DOC"
"UUI-0745","UUI-DOC-0017","file-volume","office-documents","DOC"
"UUI-0746","UUI-DOC-0018","folder-archive","office-documents","DOC"
"UUI-0747","UUI-DOC-0019","folder-closed","office-documents","DOC"
"UUI-0748","UUI-DOC-0020","folder-dot","office-documents","DOC"
"UUI-0749","UUI-DOC-0021","folder-open-dot","office-documents","DOC"
"UUI-0750","UUI-DOC-0022","folder-pen","office-documents","DOC"
"UUI-0751","UUI-DOC-0023","folder-root","office-documents","DOC"
"UUI-0752","UUI-DOC-0024","folders","office-documents","DOC"
"UUI-0753","UUI-DOC-0025","notebook-pen","office-documents","DOC"
"UUI-0754","UUI-ACC-0001","badge-cent","finance-accounting","ACC"
"UUI-0755","UUI-ACC-0002","badge-dollar-sign","finance-accounting","ACC"
"UUI-0756","UUI-ACC-0003","badge-euro","finance-accounting","ACC"
"UUI-0757","UUI-ACC-0004","badge-japanese-yen","finance-accounting","ACC"
"UUI-0758","UUI-ACC-0005","badge-pound-sterling","finance-accounting","ACC"
"UUI-0759","UUI-ACC-0006","banknote-arrow-down","finance-accounting","ACC"
"UUI-0760","UUI-ACC-0007","banknote-arrow-up","finance-accounting","ACC"
"UUI-0761","UUI-ACC-0008","banknote-x","finance-accounting","ACC"
"UUI-0762","UUI-ACC-0009","circle-percent","finance-accounting","ACC"
"UUI-0763","UUI-ACC-0010","diamond-percent","finance-accounting","ACC"
"UUI-0764","UUI-ACC-0011","square-percent","finance-accounting","ACC"
"UUI-0765","UUI-ACC-0012","receipt-cent","finance-accounting","ACC"
"UUI-0766","UUI-ACC-0013","receipt-euro","finance-accounting","ACC"
"UUI-0767","UUI-ACC-0014","receipt-indian-rupee","finance-accounting","ACC"
"UUI-0768","UUI-ACC-0015","receipt-japanese-yen","finance-accounting","ACC"
"UUI-0769","UUI-ACC-0016","receipt-pound-sterling","finance-accounting","ACC"
"UUI-0770","UUI-ACC-0017","hand-coins","finance-accounting","ACC"
"UUI-0771","UUI-ACC-0018","wallet-cards","finance-accounting","ACC"
"UUI-0772","UUI-ACC-0019","wallet-minimal","finance-accounting","ACC"
"UUI-0773","UUI-ACC-0020","ticket-percent","finance-accounting","ACC"
"UUI-0774","UUI-ACC-0021","badge-indian-rupee","finance-accounting","ACC"
"UUI-0775","UUI-ACC-0022","circle-pound-sterling","finance-accounting","ACC"
"UUI-0776","UUI-ACC-0023","badge-swiss-franc","finance-accounting","ACC"
"UUI-0777","UUI-ACC-0024","badge-turkish-lira","finance-accounting","ACC"
"UUI-0778","UUI-ACC-0025","percent","finance-accounting","ACC"
"UUI-0779","UUI-CRM-0001","handshake","sales-crm","CRM"
"UUI-0780","UUI-CRM-0002","briefcase-business","sales-crm","CRM"
"UUI-0781","UUI-CRM-0003","briefcase","sales-crm","CRM"
"UUI-0782","UUI-CRM-0004","user-star","sales-crm","CRM"
"UUI-0783","UUI-CRM-0005","book-user","sales-crm","CRM"
"UUI-0784","UUI-CRM-0006","square-user","sales-crm","CRM"
"UUI-0785","UUI-CRM-0007","circle-user-round","sales-crm","CRM"
"UUI-0786","UUI-CRM-0008","gift","sales-crm","CRM"
"UUI-0787","UUI-CRM-0009","gem","sales-crm","CRM"
"UUI-0788","UUI-CRM-0010","crown","sales-crm","CRM"
"UUI-0789","UUI-CRM-0011","medal","sales-crm","CRM"
"UUI-0790","UUI-CRM-0012","ticket","sales-crm","CRM"
"UUI-0791","UUI-CRM-0013","ticket-check","sales-crm","CRM"
"UUI-0792","UUI-CRM-0014","ticket-plus","sales-crm","CRM"
"UUI-0793","UUI-CRM-0015","ticket-minus","sales-crm","CRM"
"UUI-0794","UUI-CRM-0016","ticket-x","sales-crm","CRM"
"UUI-0795","UUI-CRM-0017","tickets","sales-crm","CRM"
"UUI-0796","UUI-CRM-0018","mail-plus","sales-crm","CRM"
"UUI-0797","UUI-CRM-0019","mail-check","sales-crm","CRM"
"UUI-0798","UUI-CRM-0020","mail-warning","sales-crm","CRM"
"UUI-0799","UUI-CRM-0021","message-circle-plus","sales-crm","CRM"
"UUI-0800","UUI-CRM-0022","message-circle-heart","sales-crm","CRM"
"UUI-0801","UUI-CRM-0023","message-square-plus","sales-crm","CRM"
"UUI-0802","UUI-CRM-0024","chart-bar-increasing","sales-crm","CRM"
"UUI-0803","UUI-CRM-0025","trending-up-down","sales-crm","CRM"
"UUI-0804","UUI-SUP-0001","life-buoy","customer-support","SUP"
"UUI-0805","UUI-SUP-0002","bot-message-square","customer-support","SUP"
"UUI-0806","UUI-SUP-0003","message-circle-question-mark","customer-support","SUP"
"UUI-0807","UUI-SUP-0004","message-circle-warning","customer-support","SUP"
"UUI-0808","UUI-SUP-0005","message-circle-check","customer-support","SUP"
"UUI-0809","UUI-SUP-0006","message-circle-x","customer-support","SUP"
"UUI-0810","UUI-SUP-0007","message-circle-more","customer-support","SUP"
"UUI-0811","UUI-SUP-0008","message-circle-reply","customer-support","SUP"
"UUI-0812","UUI-SUP-0009","message-circle-dashed","customer-support","SUP"
"UUI-0813","UUI-SUP-0010","message-circle-off","customer-support","SUP"
"UUI-0814","UUI-SUP-0011","message-square-warning","customer-support","SUP"
"UUI-0815","UUI-SUP-0012","message-square-check","customer-support","SUP"
"UUI-0816","UUI-SUP-0013","message-square-x","customer-support","SUP"
"UUI-0817","UUI-SUP-0014","message-square-more","customer-support","SUP"
"UUI-0818","UUI-SUP-0015","message-square-reply","customer-support","SUP"
"UUI-0819","UUI-SUP-0016","message-square-dashed","customer-support","SUP"
"UUI-0820","UUI-SUP-0017","message-square-off","customer-support","SUP"
"UUI-0821","UUI-SUP-0018","message-square-quote","customer-support","SUP"
"UUI-0822","UUI-SUP-0019","message-square-text","customer-support","SUP"
"UUI-0823","UUI-SUP-0020","message-square-dot","customer-support","SUP"
"UUI-0824","UUI-SUP-0021","phone-forwarded","customer-support","SUP"
"UUI-0825","UUI-SUP-0022","phone-missed","customer-support","SUP"
"UUI-0826","UUI-SUP-0023","phone-off","customer-support","SUP"
"UUI-0827","UUI-SUP-0024","mail-question-mark","customer-support","SUP"
"UUI-0828","UUI-SUP-0025","hand-helping","customer-support","SUP"
"UUI-0829","UUI-HRO-0001","user-round","hr-organization","HRO"
"UUI-0830","UUI-HRO-0002","user-round-check","hr-organization","HRO"
"UUI-0831","UUI-HRO-0003","user-round-minus","hr-organization","HRO"
"UUI-0832","UUI-HRO-0004","user-round-pen","hr-organization","HRO"
"UUI-0833","UUI-HRO-0005","user-round-plus","hr-organization","HRO"
"UUI-0834","UUI-HRO-0006","user-round-search","hr-organization","HRO"
"UUI-0835","UUI-HRO-0007","user-round-x","hr-organization","HRO"
"UUI-0836","UUI-HRO-0008","id-card-lanyard","hr-organization","HRO"
"UUI-0837","UUI-HRO-0009","graduation-cap","hr-organization","HRO"
"UUI-0838","UUI-HRO-0010","presentation","hr-organization","HRO"
"UUI-0839","UUI-HRO-0011","speech","hr-organization","HRO"
"UUI-0840","UUI-HRO-0012","languages","hr-organization","HRO"
"UUI-0841","UUI-HRO-0013","brain-circuit","hr-organization","HRO"
"UUI-0842","UUI-HRO-0014","brain-cog","hr-organization","HRO"
"UUI-0843","UUI-HRO-0015","hand","hr-organization","HRO"
"UUI-0844","UUI-HRO-0016","hand-fist","hr-organization","HRO"
"UUI-0845","UUI-HRO-0017","hand-grab","hr-organization","HRO"
"UUI-0846","UUI-HRO-0018","handbag","hr-organization","HRO"
"UUI-0847","UUI-HRO-0019","mars","hr-organization","HRO"
"UUI-0848","UUI-HRO-0020","mars-stroke","hr-organization","HRO"
"UUI-0849","UUI-HRO-0021","venus","hr-organization","HRO"
"UUI-0850","UUI-HRO-0022","venus-and-mars","hr-organization","HRO"
"UUI-0851","UUI-HRO-0023","heart-plus","hr-organization","HRO"
"UUI-0852","UUI-HRO-0024","heart-minus","hr-organization","HRO"
"UUI-0853","UUI-HRO-0025","heart-off","hr-organization","HRO"
"UUI-0854","UUI-LOG-0001","package-2","logistics-inventory","LOG"
"UUI-0855","UUI-LOG-0002","package-check","logistics-inventory","LOG"
"UUI-0856","UUI-LOG-0003","package-x","logistics-inventory","LOG"
"UUI-0857","UUI-LOG-0004","briefcase-conveyor-belt","logistics-inventory","LOG"
"UUI-0858","UUI-LOG-0005","forklift","logistics-inventory","LOG"
"UUI-0859","UUI-LOG-0006","truck-electric","logistics-inventory","LOG"
"UUI-0860","UUI-LOG-0007","dock","logistics-inventory","LOG"
"UUI-0861","UUI-LOG-0008","ship-wheel","logistics-inventory","LOG"
"UUI-0862","UUI-LOG-0009","plane-landing","logistics-inventory","LOG"
"UUI-0863","UUI-LOG-0010","plane-takeoff","logistics-inventory","LOG"
"UUI-0864","UUI-LOG-0011","bus-front","logistics-inventory","LOG"
"UUI-0865","UUI-LOG-0012","car-front","logistics-inventory","LOG"
"UUI-0866","UUI-LOG-0013","car-taxi-front","logistics-inventory","LOG"
"UUI-0867","UUI-LOG-0014","caravan","logistics-inventory","LOG"
"UUI-0868","UUI-LOG-0015","motorbike","logistics-inventory","LOG"
"UUI-0869","UUI-LOG-0016","sailboat","logistics-inventory","LOG"
"UUI-0870","UUI-LOG-0017","train-front-tunnel","logistics-inventory","LOG"
"UUI-0871","UUI-LOG-0018","train-track","logistics-inventory","LOG"
"UUI-0872","UUI-LOG-0019","tram-front","logistics-inventory","LOG"
"UUI-0873","UUI-LOG-0020","van","logistics-inventory","LOG"
"UUI-0874","UUI-LOG-0021","weight","logistics-inventory","LOG"
"UUI-0875","UUI-LOG-0022","weight-tilde","logistics-inventory","LOG"
"UUI-0876","UUI-LOG-0023","map-pin-house","logistics-inventory","LOG"
"UUI-0877","UUI-LOG-0024","map-pin-plus","logistics-inventory","LOG"
"UUI-0878","UUI-LOG-0025","map-pin-minus","logistics-inventory","LOG"
"UUI-0879","UUI-FRM-0001","square-check","forms-input","FRM"
"UUI-0880","UUI-FRM-0002","square-minus","forms-input","FRM"
"UUI-0881","UUI-FRM-0003","square-plus","forms-input","FRM"
"UUI-0882","UUI-FRM-0004","square-dot","forms-input","FRM"
"UUI-0883","UUI-FRM-0005","circle-dot-dashed","forms-input","FRM"
"UUI-0884","UUI-FRM-0006","circle-small","forms-input","FRM"
"UUI-0885","UUI-FRM-0007","rectangle-circle","forms-input","FRM"
"UUI-0886","UUI-FRM-0008","square-round-corner","forms-input","FRM"
"UUI-0887","UUI-FRM-0009","square-asterisk","forms-input","FRM"
"UUI-0888","UUI-FRM-0010","square-dashed","forms-input","FRM"
"UUI-0889","UUI-FRM-0011","square-dashed-mouse-pointer","forms-input","FRM"
"UUI-0890","UUI-FRM-0012","square-mouse-pointer","forms-input","FRM"
"UUI-0891","UUI-FRM-0013","check-line","forms-input","FRM"
"UUI-0892","UUI-FRM-0014","x-line-top","forms-input","FRM"
"UUI-0893","UUI-FRM-0015","mouse-pointer","forms-input","FRM"
"UUI-0894","UUI-FRM-0016","mouse-pointer-2-off","forms-input","FRM"
"UUI-0895","UUI-FRM-0017","mouse-pointer-ban","forms-input","FRM"
"UUI-0896","UUI-FRM-0018","mouse-pointer-click","forms-input","FRM"
"UUI-0897","UUI-FRM-0019","pointer","forms-input","FRM"
"UUI-0898","UUI-FRM-0020","pointer-off","forms-input","FRM"
"UUI-0899","UUI-FRM-0021","mouse-left","forms-input","FRM"
"UUI-0900","UUI-FRM-0022","mouse-right","forms-input","FRM"
"UUI-0901","UUI-FRM-0023","decimals-arrow-left","forms-input","FRM"
"UUI-0902","UUI-FRM-0024","decimals-arrow-right","forms-input","FRM"
"UUI-0903","UUI-FRM-0025","a-arrow-down","forms-input","FRM"
"UUI-0904","UUI-SRT-0001","a-arrow-up","sorting-view","SRT"
"UUI-0905","UUI-SRT-0002","arrow-down-0-1","sorting-view","SRT"
"UUI-0906","UUI-SRT-0003","arrow-down-1-0","sorting-view","SRT"
"UUI-0907","UUI-SRT-0004","arrow-down-a-z","sorting-view","SRT"
"UUI-0908","UUI-SRT-0005","arrow-down-narrow-wide","sorting-view","SRT"
"UUI-0909","UUI-SRT-0006","arrow-down-wide-narrow","sorting-view","SRT"
"UUI-0910","UUI-SRT-0007","arrow-down-z-a","sorting-view","SRT"
"UUI-0911","UUI-SRT-0008","arrow-up-0-1","sorting-view","SRT"
"UUI-0912","UUI-SRT-0009","arrow-up-1-0","sorting-view","SRT"
"UUI-0913","UUI-SRT-0010","arrow-up-a-z","sorting-view","SRT"
"UUI-0914","UUI-SRT-0011","arrow-up-narrow-wide","sorting-view","SRT"
"UUI-0915","UUI-SRT-0012","arrow-up-wide-narrow","sorting-view","SRT"
"UUI-0916","UUI-SRT-0013","arrow-up-z-a","sorting-view","SRT"
"UUI-0917","UUI-SRT-0014","funnel-plus","sorting-view","SRT"
"UUI-0918","UUI-SRT-0015","funnel-x","sorting-view","SRT"
"UUI-0919","UUI-SRT-0016","gallery-horizontal-end","sorting-view","SRT"
"UUI-0920","UUI-SRT-0017","gallery-thumbnails","sorting-view","SRT"
"UUI-0921","UUI-SRT-0018","gallery-vertical","sorting-view","SRT"
"UUI-0922","UUI-SRT-0019","gallery-vertical-end","sorting-view","SRT"
"UUI-0923","UUI-SRT-0020","grid-2x2-plus","sorting-view","SRT"
"UUI-0924","UUI-SRT-0021","grid-2x2-x","sorting-view","SRT"
"UUI-0925","UUI-SRT-0022","layout-dashboard","sorting-view","SRT"
"UUI-0926","UUI-SRT-0023","layout-template","sorting-view","SRT"
"UUI-0927","UUI-SRT-0024","eye-closed","sorting-view","SRT"
"UUI-0928","UUI-SRT-0025","maximize","sorting-view","SRT"
"UUI-0929","UUI-NTF-0001","bell-dot","notification-status","NTF"
"UUI-0930","UUI-NTF-0002","bell-electric","notification-status","NTF"
"UUI-0931","UUI-NTF-0003","bell-minus","notification-status","NTF"
"UUI-0932","UUI-NTF-0004","bell-plus","notification-status","NTF"
"UUI-0933","UUI-NTF-0005","mail-minus","notification-status","NTF"
"UUI-0934","UUI-NTF-0006","mail-x","notification-status","NTF"
"UUI-0935","UUI-NTF-0007","circle-gauge","notification-status","NTF"
"UUI-0936","UUI-NTF-0008","circle-pile","notification-status","NTF"
"UUI-0937","UUI-NTF-0009","circle-power","notification-status","NTF"
"UUI-0938","UUI-NTF-0010","circle-slash","notification-status","NTF"
"UUI-0939","UUI-NTF-0011","circle-slash-2","notification-status","NTF"
"UUI-0940","UUI-NTF-0012","circle-star","notification-status","NTF"
"UUI-0941","UUI-NTF-0013","circle-fading-arrow-up","notification-status","NTF"
"UUI-0942","UUI-NTF-0014","circle-fading-plus","notification-status","NTF"
"UUI-0943","UUI-NTF-0015","loader","notification-status","NTF"
"UUI-0944","UUI-NTF-0016","loader-pinwheel","notification-status","NTF"
"UUI-0945","UUI-NTF-0017","sparkle","notification-status","NTF"
"UUI-0946","UUI-NTF-0018","square-activity","notification-status","NTF"
"UUI-0947","UUI-NTF-0019","square-pause","notification-status","NTF"
"UUI-0948","UUI-NTF-0020","square-play","notification-status","NTF"
"UUI-0949","UUI-NTF-0021","square-power","notification-status","NTF"
"UUI-0950","UUI-NTF-0022","square-star","notification-status","NTF"
"UUI-0951","UUI-NTF-0023","square-stop","notification-status","NTF"
"UUI-0952","UUI-NTF-0024","triangle-dashed","notification-status","NTF"
"UUI-0953","UUI-NTF-0025","wifi-sync","notification-status","NTF"
"UUI-0954","UUI-SYN-0001","file-input","import-export-sync","SYN"
"UUI-0955","UUI-SYN-0002","file-output","import-export-sync","SYN"
"UUI-0956","UUI-SYN-0003","file-down","import-export-sync","SYN"
"UUI-0957","UUI-SYN-0004","file-up","import-export-sync","SYN"
"UUI-0958","UUI-SYN-0005","folder-input","import-export-sync","SYN"
"UUI-0959","UUI-SYN-0006","folder-output","import-export-sync","SYN"
"UUI-0960","UUI-SYN-0007","folder-down","import-export-sync","SYN"
"UUI-0961","UUI-SYN-0008","folder-up","import-export-sync","SYN"
"UUI-0962","UUI-SYN-0009","arrow-down-from-line","import-export-sync","SYN"
"UUI-0963","UUI-SYN-0010","arrow-down-to-line","import-export-sync","SYN"
"UUI-0964","UUI-SYN-0011","arrow-left-from-line","import-export-sync","SYN"
"UUI-0965","UUI-SYN-0012","arrow-left-to-line","import-export-sync","SYN"
"UUI-0966","UUI-SYN-0013","arrow-right-from-line","import-export-sync","SYN"
"UUI-0967","UUI-SYN-0014","arrow-right-to-line","import-export-sync","SYN"
"UUI-0968","UUI-SYN-0015","arrow-up-from-line","import-export-sync","SYN"
"UUI-0969","UUI-SYN-0016","arrow-up-to-line","import-export-sync","SYN"
"UUI-0970","UUI-SYN-0017","arrows-up-from-line","import-export-sync","SYN"
"UUI-0971","UUI-SYN-0018","circle-arrow-down","import-export-sync","SYN"
"UUI-0972","UUI-SYN-0019","circle-arrow-up","import-export-sync","SYN"
"UUI-0973","UUI-SYN-0020","square-arrow-right-enter","import-export-sync","SYN"
"UUI-0974","UUI-SYN-0021","square-arrow-right-exit","import-export-sync","SYN"
"UUI-0975","UUI-SYN-0022","rotate-ccw-square","import-export-sync","SYN"
"UUI-0976","UUI-SYN-0023","rotate-cw-square","import-export-sync","SYN"
"UUI-0977","UUI-SYN-0024","import","import-export-sync","SYN"
"UUI-0978","UUI-SYN-0025","arrow-right-left","import-export-sync","SYN"
"UUI-0979","UUI-LGL-0001","scale","legal-compliance","LGL"
"UUI-0980","UUI-LGL-0002","gavel","legal-compliance","LGL"
"UUI-0981","UUI-LGL-0003","stamp","legal-compliance","LGL"
"UUI-0982","UUI-LGL-0004","scroll-text","legal-compliance","LGL"
"UUI-0983","UUI-LGL-0005","scroll","legal-compliance","LGL"
"UUI-0984","UUI-LGL-0006","copyright","legal-compliance","LGL"
"UUI-0985","UUI-LGL-0007","copyleft","legal-compliance","LGL"
"UUI-0986","UUI-LGL-0008","book-check","legal-compliance","LGL"
"UUI-0987","UUI-LGL-0009","book-lock","legal-compliance","LGL"
"UUI-0988","UUI-LGL-0010","book-key","legal-compliance","LGL"
"UUI-0989","UUI-LGL-0011","book-x","legal-compliance","LGL"
"UUI-0990","UUI-LGL-0012","book-alert","legal-compliance","LGL"
"UUI-0991","UUI-LGL-0013","book-marked","legal-compliance","LGL"
"UUI-0992","UUI-LGL-0014","bookmark-check","legal-compliance","LGL"
"UUI-0993","UUI-LGL-0015","bookmark-minus","legal-compliance","LGL"
"UUI-0994","UUI-LGL-0016","bookmark-off","legal-compliance","LGL"
"UUI-0995","UUI-LGL-0017","bookmark-plus","legal-compliance","LGL"
"UUI-0996","UUI-LGL-0018","bookmark-x","legal-compliance","LGL"
"UUI-0997","UUI-LGL-0019","notebook-text","legal-compliance","LGL"
"UUI-0998","UUI-LGL-0020","swatch-book","legal-compliance","LGL"
"UUI-0999","UUI-LGL-0021","book-copy","legal-compliance","LGL"
"UUI-1000","UUI-LGL-0022","file-digit","legal-compliance","LGL"
